Owen,Football
Aria,Swimming
Eliana,Bowling
Mila,Tennis
Caleb,Basketball
Isla,Bowling
Finn,Swimming
Mateo,Basketball
Nora,Football
Zachary,Tennis
Sophie,Bowling
Luna,Swimming
Everett,Tennis
Leo,Football
Landon,Football
Ivy,Football
Lucas,Football
Felix,Football
Scarlett,Football
Dylan,Bowling
Henry,Football
Gabriel,Bowling
Samuel,Football
Mia,Football
Isaac,Bowling
Chloe,Football
Willow,Tennis
Sebastian,Football
Arvery,Tennis
Liam,Bowling
Sofia,Swimming
Ezra,Basketball
Aurora,Tennis
Gavin,Basketball
Jackson,Swimming
Violet,Football
Mason,Tennis
Ava,Basketball
Oliver,Bowling
Zoe,Swimming
Wyatt,Tennis
Eva,Football